modelo,cv_mae_media,cv_mae_std
xgboost,50.976241615748776,46.02072070024286
random_forest,25.59480634183761,32.16503021928452
gradient_boosting,19.12281674436565,22.949737389237026
xgboost,50.976241615748776,46.02072070024286
random_forest,25.59480634183761,32.16503021928452
gradient_boosting,19.36769180699239,22.927267752525328
