modelo,cv_mae_media,cv_mae_std
xgboost,50.976241615748776,46.02072070024286
random_forest,25.59480634183761,32.16503021928453
gradient_boosting,14.55407601084973,14.453161205458558
