,mae,rmse
random_forest,3.0416788613275543,75.91114286731143
linear_regression,4.6497684417317694e-11,2.2521602043914008e-10
mlp,1.1677268761129302,10.563188256715293
